,fir_id,name,boundary
0,0,CITY CTA 1,+542802.00-0060613.00/+543121.00-0060219.00/+542739.00-0055306.00/+542422.00-0055701.00/+542802.00-0060613.00
1,0,CITY CTA 2,+544431.00-0054635.00/+545014.00-0053939.00/+544632.00-0053024.00/+544048.00-0053721.00/+544431.00-0054635.00
2,0,CITY CTA 3,+542422.00-0055701.00/+544632.00-0053024.00/+544449.00-0052608.00/+542016.00-0054647.00/+542422.00-0055701.00
3,0,BERRY HEAD CTA 1,+511115.00-0032929.00/+511010.00-0031341.00/+504336.00-0031822.00/+504441.00-0033401.00/+511115.00-0032929.00
4,0,BERRY HEAD CTA 2,+511505.00-0025335.00/+504216.00-0025936.00/+504336.00-0031822.00/+511010.00-0031341.00/+511505.00-0025335.00
5,0,BERRY HEAD CTA 3,+504441.00-0033401.00/+504336.00-0031822.00/+502452.00-0032136.00/+502257.00-0033739.00/+504441.00-0033401.00
6,0,BERRY HEAD CTA 4,+504336.00-0031822.00/+504216.00-0025936.00/+502708.00-0030219.00/+500000.00-0024049.00/+500000.00-0030141.00/+502452.00-0032136.00/+504336.00-0031822.00
7,0,BERRY HEAD CTA 5,+502452.00-0032136.00/+500000.00-0030141.00/+500000.00-0031907.00/+502257.00-0033739.00/+502452.00-0032136.00
8,0,BERRY HEAD CTA 6,+511741.00-0072805.00/+510319.00-0070632.00/+505626.00-0071801.00/+511106.00-0074003.00/+511741.00-0072805.00
9,0,BERRY HEAD CTA 7,+511741.00-0072805.00/+510319.00-0070632.00/+505626.00-0071801.00/+511106.00-0074003.00/+511741.00-0072805.00
10,0,BIRMINGHAM CTA 7,+523216.00-0021011.00/+521634.00-0015214.00/+521544.00-0020755.00/+521813.00-0021130.00/+522535.00-0021247.00/+523216.00-0021011.00
11,0,BIRMINGHAM CTA 9,+524025.00-0021135.00/+523708.00-0020748.00/+523442.00-0020900.00/+523847.00-0021444.00/+524025.00-0021135.00
12,0,BRISTOL CTA 7,+513450.00-0024206.00/+513235.00-0022204.00/+512842.00-0022338.00/+512715.00-0030058.00/+513450.00-0024206.00
13,0,CARDIFF CTA 4,+513458.00-0032522.00/+512715.00-0030058.00/+512349.00-0030302.00/+513309.00-0033236.00/+513335.00-0033205.00/+513458.00-0032522.00
14,0,CARDIFF CTA 6,+513946.00-0032432.00/+513839.00-0031727.00/+513450.00-0024206.00/+512715.00-0030058.00/+513458.00-0032522.00/+513335.00-0033205.00/+513946.00-0032432.00
15,0,CARDIFF CTA 7,+511115.00-0032929.00/+511010.00-0031341.00/+510512.00-0031434.00/+510617.00-0033020.00/+511115.00-0032929.00
16,0,CARDIFF CTA 8,+513950.00-0030822.00/+513947.00-0024858.00/+513450.00-0024206.00/+513743.00-0030845.00/+513950.00-0030822.00
17,0,CHANNEL ISLANDS CTA 2,+500000.00-0020000.00/+500000.00-0014700.00/+494400.00-0020000.00/+500000.00-0020000.00
18,0,CLACTON CTA 1,+522632.00-0003702.00/+522621.00+0000153.00/+522122.00+0000147.00/+521126.00-0002220.00/+522632.00-0003702.00
19,0,CLACTON CTA 2,+522026.00+0011450.00/+522008.00+0013019.00/+520327.00+0014452.00/+515808.00+0011829.00/+520707.00+0011236.00/+521032.00+0010200.00/+520839.00+0005047.00/+521221.00+0004819.00/+521245.00+0005322.00/+522026.00+0011450.00
20,0,CLACTON CTA 3,+521032.00+0010200.00/+520707.00+0011236.00/+515808.00+0011829.00/+515548.00+0010705.00/+515806.00+0005800.00/+520839.00+0005047.00/+521032.00+0010200.00
21,0,CLACTON CTA 4,+522510.00+0012816.00/+522452.00+0014237.00/+521024.00+0015510.00/+520940.00+0013928.00/+522008.00+0013019.00/+522026.00+0011450.00/+522510.00+0012816.00
22,0,CLACTON CTA 5,+521304.00+0023417.00/+515220.00+0021737.00/+515222.00+0012635.00/+515904.00+0012302.00/+521304.00+0023417.00
23,0,CLACTON CTA 6,+521150.00+0022748.00/+520327.00+0014452.00/+520940.00+0013928.00/+521150.00+0022748.00
24,0,CLACTON CTA 7,+515222.00+0012635.00/+515220.00+0021737.00/+513000.00+0020000.00/+512922.00+0020000.00/+513024.00+0013733.00/+512708.00+0013826.00/+512053.00+0013611.00/+512106.00+0013052.00/+512130.00+0012140.00/+512247.00+0011549.00/+513905.00+0012500.00/+515222.00+0012635.00
25,0,CLACTON CTA 9,+513024.00+0013733.00/+512922.00+0020000.00/+511948.00+0020000.00/+512053.00+0013611.00/+512708.00+0013826.00/+513024.00+0013733.00
26,0,COTSWOLD CTA 1,+513946.00-0032432.00/+513839.00-0031727.00/+513743.00-0030845.00/+513450.00-0024206.00/+512419.00-0024505.00/+512608.00-0031050.00/+511010.00-0031341.00/+511115.00-0032929.00/+513946.00-0032432.00
27,0,COTSWOLD CTA 2,+512608.00-0031050.00/+512419.00-0024505.00/+512331.00-0023410.00/+511620.00-0023328.00/+511538.00-0025120.00/+511505.00-0025335.00/+511010.00-0031341.00/+512608.00-0031050.00
28,0,COTSWOLD CTA 3,+514440.00-0023918.00/+514413.00-0023517.00/+514125.00-0021026.00/+513135.00-0021321.00/+513450.00-0024206.00/+514440.00-0023918.00
29,0,COTSWOLD CTA 4,+514028.00-0020214.00/+513928.00-0015338.00/+513640.00-0013011.00/+513607.00-0012547.00/+512619.00-0012850.00/+512624.00-0012933.00/+513039.00-0020510.00/+514028.00-0020214.00
30,0,COTSWOLD CTA 5,+515351.00-0023017.00/+514706.00-0020509.00/+514117.00-0020916.00/+514125.00-0021026.00/+514413.00-0023517.00/+515351.00-0023017.00
31,0,COTSWOLD CTA 6,+514706.00-0020509.00/+514314.00-0015058.00/+513928.00-0015338.00/+514028.00-0020214.00/+514117.00-0020916.00/+514706.00-0020509.00
32,0,COTSWOLD CTA 7,+514314.00-0015058.00/+513943.00-0012646.00/+513911.00-0012629.00/+513640.00-0013011.00/+513928.00-0015338.00/+514314.00-0015058.00
33,0,COTSWOLD CTA 8,+514954.00-0032323.00/+514825.00-0031406.00/+514743.00-0030725.00/+514308.00-0030746.00/+513743.00-0030845.00/+513839.00-0031727.00/+513946.00-0032432.00/+514355.00-0032348.00/+514954.00-0032323.00
34,0,COTSWOLD CTA 9,+515343.00-0032306.00/+515316.00-0030658.00/+514743.00-0030725.00/+514825.00-0031406.00/+514954.00-0032323.00/+515343.00-0032306.00
35,0,DAVENTRY CTA 1,+532614.00-0015024.00/+531952.00-0014757.00/+530412.00-0015647.00/+530732.00-0020056.00/+532614.00-0015024.00
36,0,DAVENTRY CTA 2,+531952.00-0014757.00/+530952.00-0014407.00/+530108.00-0015300.00/+530412.00-0015647.00/+531952.00-0014757.00
37,0,DAVENTRY CTA 3,+531145.00-0013558.00/+521403.00-0010009.00/+521355.00-0010026.00/+524702.00-0013541.00/+530108.00-0015300.00/+530952.00-0014407.00/+531145.00-0013558.00
38,0,DAVENTRY CTA 4,+521403.00-0010009.00/+521049.00-0010650.00/+520633.00-0012617.00/+520428.00-0012245.00/+520843.00-0010339.00/+521222.00-0005608.00/+521403.00-0010009.00
39,0,DAVENTRY CTA 5,+521222.00-0005608.00/+520843.00-0010339.00/+520428.00-0012245.00/+515745.00-0011126.00/+520421.00-0003712.00/+521222.00-0005608.00
40,0,DAVENTRY CTA 6,+515626.00-0011022.00/+514420.00-0010041.00/+514019.00-0010507.00/+515626.00-0011022.00
41,0,DAVENTRY CTA 7,+530732.00-0020056.00/+530412.00-0015647.00/+530115.00-0015826.00/+525828.00-0020854.00/+525858.00-0023314.00/+530443.00-0024001.00/+530626.00-0024349.00/+530602.00-0022246.00/+530732.00-0020056.00
42,0,DAVENTRY CTA 8,+530412.00-0015647.00/+525833.00-0014948.00/+524800.00-0015216.00/+524216.00-0021343.00/+525858.00-0023314.00/+525828.00-0020854.00/+530115.00-0015826.00/+530412.00-0015647.00
43,0,DONCASTER SHEFFIELD CTA 4,+534139.00-0010352.00/+534149.00-0010209.00/+533109.00-0010751.00/+533059.00-0010932.00/+534139.00-0010352.00
44,0,DONCASTER SHEFFIELD CTA 7,+533059.00-0010932.00/+533109.00-0010751.00/+532535.00-0011047.00/+532527.00-0011228.00/+533059.00-0010932.00
45,0,DONCASTER SHEFFIELD CTA 8,+534030.00-0011550.00/+534139.00-0010352.00/+533059.00-0010932.00/+533038.00-0011307.00/+534030.00-0011550.00
46,0,DONCASTER SHEFFIELD CTA 9,+532950.00-0012120.00/+533059.00-0010932.00/+532527.00-0011228.00/+532449.00-0011957.00/+532950.00-0012120.00
47,0,EAST MIDLANDS CTA 1,+525911.00-0012801.00/+525901.00-0010918.00/+525421.00-0010006.00/+525121.00-0005725.00/+525057.00-0005724.00/+525456.00-0011804.00/+525510.00-0012530.00/+525911.00-0012801.00
48,0,EAST MIDLANDS CTA 2,+525255.00-0010733.00/+525057.00-0005724.00/+525014.00-0005722.00/+524619.00-0005748.00/+524558.00-0010733.00/+525255.00-0010733.00
49,0,EAST MIDLANDS CTA 3,+524619.00-0005748.00/+524315.00-0005749.00/+524122.00-0011653.00/+524536.00-0011932.00/+524537.00-0011628.00/+524619.00-0005748.00
50,0,EAST MIDLANDS CTA 4,+524536.00-0011932.00/+524122.00-0011653.00/+524013.00-0012820.00/+524533.00-0013405.00/+524536.00-0011932.00
51,0,EAST MIDLANDS CTA 5,+525142.00-0013706.00/+525233.00-0013241.00/+524535.00-0012816.00/+524533.00-0013405.00/+524702.00-0013541.00/+524942.00-0013857.00/+525142.00-0013706.00
52,0,EAST MIDLANDS CTA 6,+525629.00-0013938.00/+525911.00-0012801.00/+525510.00-0012530.00/+525233.00-0013241.00/+525142.00-0013706.00/+524942.00-0013857.00/+525059.00-0014031.00/+525629.00-0013938.00
53,0,EAST MIDLANDS CTA 7,+530410.00-0013110.00/+530402.00-0011422.00/+525901.00-0010918.00/+525911.00-0012801.00/+530410.00-0013110.00
54,0,EAST MIDLANDS CTA 8,+525833.00-0014948.00/+530123.00-0014310.00/+530410.00-0013110.00/+525911.00-0012801.00/+525506.00-0014533.00/+525833.00-0014948.00
55,0,EAST MIDLANDS CTA 9,+524122.00-0011653.00/+523610.00-0011340.00/+523447.00-0012231.00/+524013.00-0012820.00/+524122.00-0011653.00
56,0,FARNBOROUGH CTA 1,+512014.00-0003104.00/+511741.00-0002927.00/+511520.00-0003639.00/+512013.00-0003800.00/+512014.00-0003104.00
57,0,FARNBOROUGH CTA 4,+511520.00-0003639.00/+511014.00-0003325.00/+510832.00-0004055.00/+510632.00-0003937.00/+510449.00-0004709.00/+510652.00-0004829.00/+511035.00-0005054.00/+511520.00-0003639.00
58,0,FARNBOROUGH CTA 5,+510652.00-0004829.00/+510449.00-0004709.00/+510602.00-0005439.00/+510652.00-0004829.00
59,0,FARNBOROUGH CTA 6,+511143.00-0005851.00/+511035.00-0005054.00/+510652.00-0004829.00/+510602.00-0005439.00/+511143.00-0005851.00
60,0,FARNBOROUGH CTA 7,+510533.00-0005140.00/+510449.00-0004709.00/+510047.00-0004433.00/+510047.00-0005251.00/+510533.00-0005140.00
61,0,FARNBOROUGH CTA 8,+510957.00-0005732.00/+510602.00-0005439.00/+510047.00-0005251.00/+505435.00-0010335.00/+510420.00-0010657.00/+510636.00-0010817.00/+510957.00-0005732.00
62,0,FARNBOROUGH CTA 9,+505739.00-0004104.00/+505119.00-0003419.00/+505119.00-0005457.00/+505512.00-0005908.00/+505739.00-0004104.00
63,0,GLASGOW CTA 1,+560700.00-0034855.00/+560700.00-0040910.00/+560400.00-0042000.00/+560130.00-0040435.00/+554434.00-0040924.00/+554349.00-0034715.00/+554806.00-0035411.00/+555724.00-0035417.00/+560700.00-0034855.00
64,0,GLASGOW CTA 2,+554349.00-0034715.00/+554434.00-0040924.00/+554132.00-0042405.00/+553700.00-0042847.00/+554125.00-0041017.00/+554125.00-0034324.00/+554349.00-0034715.00
65,0,HOLYHEAD CTA 1,+531957.00-0033954.00/+531855.00-0031647.00/+530813.00-0031736.00/+531957.00-0033954.00
66,0,HOLYHEAD CTA 2,+533944.00-0033153.00/+533213.00-0031406.00/+532621.00-0032107.00/+531909.00-0032201.00/+532006.00-0034339.00/+533054.00-0034222.00/+533944.00-0033153.00
67,0,HOLYHEAD CTA 3,+535106.00-0035909.00/+533944.00-0033153.00/+533054.00-0034222.00/+532006.00-0034339.00/+532043.00-0035838.00/+533754.00-0035641.00/+534254.00-0040847.00/+535106.00-0035909.00
68,0,HOLYHEAD CTA 4,+534329.00-0041807.00/+534309.00-0040924.00/+533754.00-0035641.00/+532043.00-0035838.00/+532134.00-0042031.00/+534329.00-0041807.00
69,0,HOLYHEAD CTA 5,+540405.00-0050040.00/+534309.00-0040924.00/+534329.00-0041807.00/+532134.00-0042031.00/+532240.00-0045156.00/+534735.00-0044937.00/+534718.00-0044057.00/+540356.00-0051933.00/+540202.00-0050543.00/+540405.00-0050040.00
70,0,HOLYHEAD CTA 6,+535358.00-0040608.00/+535106.00-0035909.00/+534254.00-0040847.00/+534546.00-0041545.00/+535358.00-0040608.00
71,0,HOLYHEAD CTA 7,+540805.00-0044053.00/+535358.00-0040608.00/+534546.00-0041545.00/+535956.00-0045043.00/+540805.00-0044053.00
72,0,HOLYHEAD CTA 8,+541627.00-0043100.00/+541125.00-0041845.00/+540307.00-0042834.00/+540805.00-0044053.00/+541627.00-0043100.00
73,0,HOLYHEAD CTA 9,+532240.00-0045156.00/+532221.00-0044336.00/+531023.00-0044444.00/+531040.00-0045301.00/+532240.00-0045156.00
74,0,IRISH SEA CTA 1,+552044.00-0053924.00/+551527.00-0050000.00/+551511.00-0050000.00/+551214.00-0050234.00/+550806.00-0043002.00/+550251.00-0045118.00/+545120.00-0050118.00/+543138.00-0050835.00/+540246.00-0035756.00/+535556.00-0040608.00/+535419.00-0042151.00/+534617.00-0043112.00/+534817.00-0053000.00/+535500.00-0053000.00/+542500.00-0081000.00/+551324.00-0070414.00/+552044.00-0053924.00
75,0,IRISH SEA CTA 2,+535556.00-0040608.00/+535522.00-0040649.00/+535358.00-0040608.00/+534150.00-0033653.00/+533918.00-0023900.00/+533630.00-0030136.00/+533222.00-0030059.00/+533213.00-0031406.00/+532734.00-0030310.00/+532336.00-0031110.00/+532345.00-0031625.00/+530813.00-0031736.00/+531957.00-0033954.00/+532240.00-0045156.00/+534658.00-0044941.00/+534617.00-0043112.00/+535419.00-0042151.00/+535556.00-0040608.00
76,0,IRISH SEA CTA 3,+532240.00-0045156.00/+531957.00-0033954.00/+530813.00-0031736.00/+530656.00-0031741.00/+531040.00-0045301.00/+532240.00-0045156.00
77,0,IRISH SEA CTA 4,+532315.00-0051017.00/+532240.00-0045156.00/+531040.00-0045301.00/+531149.00-0053000.00/+531500.00-0053000.00/+532315.00-0051017.00
78,0,IRISH SEA CTA 5,+534817.00-0053000.00/+534658.00-0044941.00/+532240.00-0045156.00/+532315.00-0051017.00/+531500.00-0053000.00/+534817.00-0053000.00
79,0,IRISH SEA CTA 6,+531035.00-0053000.00/+524310.00-0044042.00/+523550.00-0045151.00/+525705.00-0053000.00/+531035.00-0053000.00
80,0,IRISH SEA CTA 7,+524310.00-0044042.00/+522931.00-0041647.00/+522212.00-0042754.00/+523550.00-0045151.00/+524310.00-0044042.00
81,0,ISLE OF MAN CTA 4,+535740.00-0040758.00/+535358.00-0040608.00/+534546.00-0041545.00/+534700.00-0042028.00/+535740.00-0040758.00
82,0,LINCOLNSHIRE CTA 1,+532830.00-0001732.00/+532204.00+0000431.00/+531717.00+0000155.00/+531222.00+0000029.00/+531232.00-0000107.00/+530618.00-0000428.00/+531101.00-0002908.00/+532007.00-0002420.00/+532830.00-0001732.00
83,0,LINCOLNSHIRE CTA 2,+533225.00-0003106.00/+532830.00-0001732.00/+532007.00-0002420.00/+531101.00-0002908.00/+531343.00-0004324.00/+532325.00-0003820.00/+533225.00-0003106.00
84,0,LINCOLNSHIRE CTA 3,+533619.00-0004448.00/+533225.00-0003106.00/+532325.00-0003820.00/+531343.00-0004324.00/+531938.00-0011532.00/+533059.00-0010932.00/+533109.00-0010751.00/+533119.00-0010614.00/+532643.00-0004958.00/+533619.00-0004448.00
85,0,LINCOLNSHIRE CTA 4,+534117.00-0010226.00/+533619.00-0004448.00/+532643.00-0004958.00/+533119.00-0010614.00/+533109.00-0010751.00/+534117.00-0010226.00
86,0,LIVERPOOL CTA 1,+532817.00-0025719.00/+532331.00-0030804.00/+531924.00-0030735.00/+532309.00-0031205.00/+532734.00-0030310.00/+532817.00-0025719.00
87,0,LIVERPOOL CTA 2,+532734.00-0030310.00/+532336.00-0031110.00/+532345.00-0031625.00/+531855.00-0031647.00/+531909.00-0032201.00/+532621.00-0032107.00/+533213.00-0031406.00/+532734.00-0030310.00
88,0,LIVERPOOL CTA 3,+532902.00-0025059.00/+531309.00-0025059.00/+531427.00-0030140.00/+531924.00-0030735.00/+532331.00-0030804.00/+532817.00-0025719.00/+532902.00-0025059.00
89,0,LIVERPOOL CTA 4,+532336.00-0031110.00/+532309.00-0031205.00/+531427.00-0030140.00/+531855.00-0031647.00/+532345.00-0031625.00/+532336.00-0031110.00
90,0,LONDON LUTON CTA 2,+514810.00-0004155.00/+514905.00-0003647.00/+514503.00-0003457.00/+514409.00-0004005.00/+514810.00-0004155.00
91,0,LONDON LUTON CTA 3,+514810.00-0004155.00/+515150.00-0004336.00/+515244.00-0003828.00/+514905.00-0003647.00/+514810.00-0004155.00
92,0,LONDON LUTON CTA 4,+515150.00-0004336.00/+514810.00-0004155.00/+514659.00-0004838.00/+515048.00-0004926.00/+515150.00-0004336.00
93,0,LONDON LUTON CTA 5,+520038.00-0002832.00/+515743.00-0002145.00/+515021.00-0002931.00/+514905.00-0003647.00/+515244.00-0003828.00/+515258.00-0003709.00/+520038.00-0002832.00
94,0,LONDON LUTON CTA 6,+520316.00-0003441.00/+520038.00-0002832.00/+515258.00-0003709.00/+515244.00-0003828.00/+515503.00-0004353.00/+520316.00-0003441.00
95,0,LONDON LUTON CTA 7,+520606.00-0001712.00/+515935.00-0001056.00/+515743.00-0002145.00/+520038.00-0002832.00/+520606.00-0001712.00
96,0,LONDON LUTON CTA 8,+515150.00-0004336.00/+515244.00-0003828.00/+515503.00-0004353.00/+515150.00-0004336.00
97,0,LONDON LUTON CTA 9,+515150.00-0004336.00/+515503.00-0004353.00/+515749.00-0004048.00/+515356.00-0005006.00/+515048.00-0004926.00/+515150.00-0004336.00
98,0,LONDON STANSTED CTA 4,+520300.00+0000907.00/+520517.00+0002124.00/+515155.00+0000120.00/+515146.00-0000006.00/+520127.00+0000000.00/+520300.00+0000907.00
99,0,EGLINTON CTA 1,+550527.00-0071520.00/+545506.00-0072926.00/+550205.00-0073332.00/+550527.00-0071520.00
100,0,EGLINTON CTA 2,+550205.00-0073332.00/+545506.00-0072926.00/+545212.00-0073329.00/+550114.00-0073807.00/+550205.00-0073332.00
101,0,MANCHESTER CTA 1,+533430.00-0020400.00/+532734.00-0030310.00/+533200.00-0025000.00/+533430.00-0020400.00
102,0,MANCHESTER CTA 2,+531047.00-0020459.00/+530602.00-0022246.00/+530626.00-0024349.00/+531427.00-0030140.00/+531050.00-0023224.00/+531055.00-0022207.00/+531616.00-0020131.00/+531047.00-0020459.00
103,0,MANCHESTER CTA 3,+533650.00-0015216.00/+532719.00-0014617.00/+532656.00-0015000.00/+530732.00-0020056.00/+531047.00-0020459.00/+532730.00-0015400.00/+533430.00-0020400.00/+533650.00-0015216.00
104,0,MANCHESTER CTA 4,+533011.00-0024123.00/+532708.00-0023744.00/+531130.00-0023744.00/+531309.00-0025059.00/+532902.00-0025059.00/+533011.00-0024123.00
105,0,MANCHESTER CTA 5,+533124.00-0023102.00/+532056.00-0023103.00/+532638.00-0022258.00/+533430.00-0020400.00/+533124.00-0023102.00
106,0,NEWCASTLE CTA 6,+545010.00-0013330.00/+544124.00-0013620.00/+544356.00-0020004.00/+545010.00-0013330.00
107,0,NEWCASTLE CTA 7,+544356.00-0020004.00/+544219.00-0014448.00/+543724.00-0014622.00/+543901.00-0020136.00/+544356.00-0020004.00
108,0,NITON CTA 1,+532345.00-0031625.00/+532336.00-0031110.00/+532309.00-0031205.00/+531427.00-0030140.00/+530626.00-0024349.00/+530314.00-0024935.00/+530209.00-0025131.00/+531018.00-0031726.00/+531733.00-0031654.00/+532345.00-0031625.00
109,0,NITON CTA 2,+531733.00-0031654.00/+531018.00-0031726.00/+530348.00-0031757.00/+530540.00-0032345.00/+531733.00-0031654.00
110,0,NITON CTA 3,+531018.00-0031726.00/+530209.00-0025131.00/+525618.00-0030157.00/+525846.00-0030145.00/+525914.00-0031817.00/+530348.00-0031757.00/+531018.00-0031726.00
111,0,NITON CTA 4,+525914.00-0031817.00/+525846.00-0030145.00/+525618.00-0030157.00/+525320.00-0030212.00/+525348.00-0031841.00/+525914.00-0031817.00
112,0,NITON CTA 5,+525348.00-0031841.00/+525320.00-0030212.00/+524821.00-0030236.00/+524849.00-0031904.00/+525348.00-0031841.00
113,0,NITON CTA 6,+530314.00-0024935.00/+530006.00-0024504.00/+525334.00-0024539.00/+525046.00-0024529.00/+524748.00-0024519.00/+524821.00-0030236.00/+525320.00-0030212.00/+525618.00-0030157.00/+530209.00-0025131.00/+530314.00-0024935.00
114,0,NITON CTA 7,+524849.00-0031904.00/+524821.00-0030236.00/+524256.00-0030302.00/+524324.00-0031928.00/+524849.00-0031904.00
115,0,NITON CTA 8,+524821.00-0030236.00/+524748.00-0024519.00/+524223.00-0024500.00/+524256.00-0030302.00/+524821.00-0030236.00
116,0,NITON CTA 9,+524324.00-0031928.00/+524256.00-0030302.00/+524223.00-0024500.00/+523040.00-0024421.00/+520139.00-0024652.00/+520215.00-0030617.00/+520749.00-0030551.00/+520817.00-0032203.00/+524324.00-0031928.00
117,0,NORTH SEA CTA 1,+532204.00+0000431.00/+530815.00+0020534.00/+531139.00+0023000.00/+525206.00+0023000.00/+525820.00+0020321.00/+531222.00+0000029.00/+531717.00+0000155.00/+532204.00+0000431.00
118,0,NORWICH CTA 2,+523535.00+0011921.00/+523541.00+0013639.00/+523409.00+0012916.00/+523407.00+0012448.00/+523535.00+0011921.00
119,0,NORWICH CTA 3,+523815.00+0005559.00/+523531.00+0011049.00/+523527.00+0010311.00/+523815.00+0005559.00
120,0,PORTSMOUTH CTA 1,+504928.00-0011714.00/+504848.00-0005214.00/+504626.00-0004942.00/+503700.00-0003938.00/+504139.00-0010236.00/+504125.00-0012315.00/+504928.00-0011714.00
121,0,PORTSMOUTH CTA 2,+504125.00-0012315.00/+504139.00-0010236.00/+503700.00-0003938.00/+503700.00-0012620.00/+504125.00-0012315.00
122,0,PORTSMOUTH CTA 3,+503700.00-0010211.00/+503700.00-0003938.00/+501347.00-0001511.00/+500000.00-0003155.00/+500000.00-0014700.00/+500440.00-0014420.00/+503700.00-0010211.00
123,0,PORTSMOUTH CTA 4,+503700.00-0012620.00/+503700.00-0010211.00/+500440.00-0014420.00/+500000.00-0014700.00/+500000.00-0015149.00/+503700.00-0012620.00
124,0,PORTSMOUTH CTA 5,+503156.00-0014700.00/+502754.00-0013240.00/+500000.00-0015149.00/+500000.00-0020000.00/+500000.00-0021015.00/+500235.00-0020659.00/+503156.00-0014700.00
125,0,PORTSMOUTH CTA 6,+510913.00-0012355.00/+510717.00-0011218.00/+510329.00-0011312.00/+510420.00-0010657.00/+505435.00-0010335.00/+504928.00-0011714.00/+504125.00-0012315.00/+503700.00-0012620.00/+502754.00-0013240.00/+503156.00-0014700.00/+504035.00-0014102.00/+504946.00-0013439.00/+505512.00-0013047.00/+505859.00-0012811.00/+510416.00-0012559.00/+510913.00-0012355.00
126,0,PORTSMOUTH CTA 7,+504012.00-0021558.00/+504035.00-0014102.00/+502333.00-0015245.00/+502628.00-0020633.00/+502839.00-0020525.00/+503146.00-0022018.00/+504012.00-0021558.00
127,0,PORTSMOUTH CTA 8,+504959.00-0023117.00/+505012.00-0021519.00/+504311.00-0021212.00/+504946.00-0013439.00/+504441.00-0013824.00/+504035.00-0014102.00/+504012.00-0021558.00/+504000.00-0023058.00/+504959.00-0023117.00
128,0,PORTSMOUTH CTA 9,+505248.00-0021628.00/+505532.00-0020105.00/+504554.00-0015652.00/+504311.00-0021212.00/+505248.00-0021628.00
129,0,PRESTWICK CTA 5,+553124.00-0045830.00/+552040.00-0042722.00/+551848.00-0044702.00/+553124.00-0045830.00
130,0,SEVERN CTA 1,+512448.00-0025147.00/+512331.00-0023410.00/+511620.00-0023328.00/+511538.00-0025120.00/+511505.00-0025335.00/+512448.00-0025147.00
131,0,SEVERN CTA 2,+512608.00-0031050.00/+512448.00-0025147.00/+511505.00-0025335.00/+511010.00-0031341.00/+512608.00-0031050.00
132,0,SOLENT CTA 4,+510433.00-0012536.00/+505512.00-0013047.00/+505334.00-0014051.00/+510433.00-0012536.00
133,0,SOLENT CTA 6,+510636.00-0010817.00/+510420.00-0010657.00/+505435.00-0010335.00/+504928.00-0011714.00/+510115.00-0011039.00/+510636.00-0010817.00
134,0,SOLENT CTA 7,+504214.00-0015313.00/+504441.00-0013824.00/+503156.00-0014700.00/+504214.00-0015313.00
135,0,SOLENT CTA 8,+504441.00-0013824.00/+504035.00-0012350.00/+502754.00-0013240.00/+503156.00-0014700.00/+504441.00-0013824.00
136,0,SOUTHEND CTA 2,+514333.00+0004429.00/+514420.00+0004614.00/+514440.00+0005036.00/+514431.00+0005038.00/+514138.00+0005222.00/+514312.00+0004748.00/+514206.00+0004521.00/+514333.00+0004429.00
137,0,SOUTHEND CTA 4,+513437.00+0002440.00/+513943.00+0002551.00/+514353.00+0003508.00/+514435.00+0004406.00/+514401.00+0004412.00/+514333.00+0004429.00/+513437.00+0002440.00
138,0,SOUTHEND CTA 5,+514435.00+0004406.00/+514506.00+0004514.00/+514530.00+0005026.00/+514440.00+0005036.00/+514420.00+0004614.00/+514333.00+0004429.00/+514401.00+0004412.00/+514435.00+0004406.00
139,0,SOUTHEND CTA 7,+512757.00+0002721.00/+512446.00+0003202.00/+512528.00+0003956.00/+513000.00+0005000.00/+512120.00+0005000.00/+512046.00+0003338.00/+512757.00+0002721.00
140,0,SOUTHEND CTA 8,+512829.00+0005000.00/+512555.00+0005625.00/+512124.00+0005144.00/+512120.00+0005000.00/+512829.00+0005000.00
141,0,SOUTHEND CTA 9,+514506.00+0004514.00/+514716.00+0005005.00/+514530.00+0005026.00/+514506.00+0004514.00
142,0,STRANGFORD CTA 1,+543542.00-0051444.00/+543230.00-0051046.00/+542209.00-0044501.00/+541645.00-0045125.00/+540805.00-0044053.00/+542534.00-0052320.00/+543542.00-0051444.00
143,0,STRANGFORD CTA 2,+544449.00-0052608.00/+543118.00-0053734.00/+542534.00-0052320.00/+543542.00-0051444.00/+544449.00-0052608.00
144,0,STRANGFORD CTA 4,+542214.00-0054509.00/+541630.00-0053058.00/+540636.00-0053913.00/+541100.00-0055428.00/+542214.00-0054509.00
145,0,STRANGFORD CTA 5,+541630.00-0053058.00/+540405.00-0050040.00/+540202.00-0050543.00/+540636.00-0053913.00/+541630.00-0053058.00
146,0,STRANGFORD CTA 6,+543118.00-0053734.00/+542534.00-0052320.00/+540805.00-0044053.00/+535956.00-0045043.00/+541630.00-0053058.00/+542214.00-0054509.00/+543118.00-0053734.00
147,0,STRANGFORD CTA 7,+542209.00-0044501.00/+541627.00-0043100.00/+540805.00-0044053.00/+541645.00-0045125.00/+542209.00-0044501.00
148,0,STRANGFORD CTA 8,+540915.00-0054823.00/+540636.00-0053913.00/+540514.00-0052901.00/+535617.00-0053627.00/+540008.00-0055552.00/+540915.00-0054823.00
149,0,STRANGFORD CTA 9,+541744.00-0062349.00/+541711.00-0060044.00/+541100.00-0055428.00/+540915.00-0054823.00/+540008.00-0055552.00/+540543.00-0062435.00/+541744.00-0062349.00
150,0,STRUMBLE CTA 1,+524418.00-0053000.00/+520401.00-0045652.00/+515517.00-0035758.00/+514535.00-0040150.00/+515440.00-0050309.00/+515234.00-0060431.00/+515144.00-0062442.00/+522000.00-0053000.00/+524418.00-0053000.00
151,0,STRUMBLE CTA 2,+515517.00-0035758.00/+515401.00-0034944.00/+514419.00-0035338.00/+514535.00-0040150.00/+515517.00-0035758.00
152,0,STRUMBLE CTA 3,+515401.00-0034944.00/+515204.00-0033711.00/+514224.00-0034108.00/+514419.00-0035338.00/+515401.00-0034944.00
153,0,STRUMBLE CTA 4,+515204.00-0033711.00/+514954.00-0032323.00/+514355.00-0032348.00/+513946.00-0032432.00/+514224.00-0034108.00/+515204.00-0033711.00
154,0,WASH CTA 1,+534117.00-0010226.00/+533619.00-0004448.00/+533225.00-0003106.00/+532830.00-0001732.00/+532204.00+0000431.00/+531717.00+0000155.00/+531222.00+0000029.00/+531232.00-0000107.00/+530618.00-0000428.00/+531101.00-0002908.00/+531343.00-0004324.00/+531938.00-0011532.00/+533059.00-0010932.00/+533109.00-0010751.00/+534117.00-0010226.00
155,0,WORTHING CTA 1,+512247.00+0011549.00/+512130.00+0012140.00/+512106.00+0013052.00/+512053.00+0013611.00/+511826.00+0013519.00/+511929.00+0013040.00/+511422.00+0013004.00/+510600.00+0014138.00/+510354.00+0014545.00/+510000.00+0012800.00/+505842.00+0010227.00/+512247.00+0011549.00
156,0,WORTHING CTA 2,+504000.00-0002220.00/+504000.00+0003000.00/+504507.00+0004500.00/+505842.00+0010227.00/+510000.00+0012800.00/+504000.00+0012800.00/+500320.00-0000639.00/+501027.00-0001143.00/+501347.00-0001511.00/+501717.00-0001053.00/+502605.00-0000746.00/+504000.00-0002220.00
157,0,WORTHING CTA 3,+511929.00+0013040.00/+511251.00+0020000.00/+510700.00+0020000.00/+510354.00+0014545.00/+510600.00+0014138.00/+511422.00+0013004.00/+511929.00+0013040.00
158,0,WORTHING CTA 4,+503606.00-0003840.00/+504012.00-0002904.00/+504132.00-0002357.00/+502605.00-0000746.00/+501717.00-0001053.00/+501347.00-0001511.00/+503606.00-0003840.00
159,0,WORTHING CTA 5,+512053.00+0013611.00/+511948.00+0020000.00/+511251.00+0020000.00/+511826.00+0013519.00/+512053.00+0013611.00
160,0,WORTHING CTA 6,+500000.00-0003155.00/+501347.00-0001511.00/+501027.00-0001143.00/+500320.00-0000639.00/+500000.00-0001500.00/+500000.00-0003155.00
161,0,WORTHING CTA 7,+504626.00-0004942.00/+504626.00-0002908.00/+504132.00-0002357.00/+504012.00-0002904.00/+503606.00-0003840.00/+503700.00-0003938.00/+504626.00-0004942.00
