,sectorline,coords
0,EGGX,+603000.000-0100000.000/+591114.570-0161433.442/+570000.000-0100008.000
1,BIRD,+603000.000-0100000.000/+623950.829-0072559.470/+610000.000-0000000.000
2,EBBU_Low,+510700.000+0020000.000/+510500.000+0023300.000/+510454.000+0040934.000/+512224.000+0032150.000/+512960.000+0020000.000
3,EBBU,+505958.717+0020154.478/+504131.000+0024959.000/+503054.000+0032141.000/+512224.000+0032150.000/+512850.170+0031018.610/+513812.590+0023000.000/+512720.000+0023000.000/+513000.000+0020000.000
4,EHAA,+550000.000+0050000.000/+523224.000+0045112.000/+512300.000+0020000.000
5,EDYY_D-J,+540620.000+0041048.000/+531913.000+0044348.000/+525827.000+0050818.000
6,EDYY_J,+525827.000+0050818.000/+550000.000+0063000.000/+543000.000+0043209.000
7,EDYY_D,+525827.000+0050818.000/+512850.170+0031018.610
8,LFRR_LFFF,+500000.000-0001500.000/+491000.000-0001500.000
9,LFFF-N,+491000.000-0001500.000/+495809.330+0030419.503
10,LFEE-N,+483500.000+0030100.000/+495809.330+0030419.503
11,LFRR-N,+485000.000-0080000.000/+491000.000-0001500.000
12,LFRR-E,+491000.000-0001500.000/+483500.000+0030100.000
13,LFFF_EBBU,+495809.330+0030419.503/+510700.000+0016000.000
14,LFRR_LFEE,+495519.000+0012412.000/+483500.000+0030100.000
15,EKDK,+570000.000+0050000.000/+570000.000+0060000.000/+570000.000+0073000.000/+560518.000+0080440.000/+554102.000+0070604.000/+550000.000+0063000.000/+550000.000+0050000.000
16,ENSV_N,+610000.000-0000000.000/+585348.000+0044010.000
17,ENSV,+585348.000+0044010.000/+572016.312+0042923.315
18,ENSV Split,+585348.000+0044010.000/+584058.000+0032613.000/+583100.000+0023600.000
19,DW_NORTH,+532845.290-0072000.000/+534509.000-0072000.000/+540943.000-0064538.420/+535500.000-0053000.000/+532353.000-0053000.000/+532845.290-0072000.000
20,DW_SOUTH,+532845.290-0072000.000/+530527.000-0072000.000/+523650.220-0063701.298/+522000.000-0053000.000/+532353.000-0053000.000/+532845.290-0072000.000
21,SN_EAST,+544403.089-0113652.210/+544110.246-0100000.000/+543858.052-0093320.034/+542500.005-0081000.013/+535459.791-0052959.594/+524624.190-0052958.902/+530807.644-0075210.477/+524107.927-0081749.716/+530314.109-0094018.883/+531649.505-0113624.679/+544403.089-0113652.210
22,SN_BANBA,+531649.505-0113624.679/+530314.109-0094018.883/+524107.927-0081749.716/+530807.644-0075210.477/+524624.190-0052958.902/+521959.988-0053000.003/+520049.000-0060720.000/+514034.000-0060027.000/+512400.000-0065305.000/+512528.000-0071351.000/+511105.554-0074002.358/+511609.245-0081759.558/+511620.127-0085115.480/+511612.997-0105838.163/+524703.653-0113610.251/+531649.505-0113624.679
23,SN_SOUTH,+511612.997-0105838.163/+511609.245-0081759.558/+511105.554-0074002.358/+510000.000-0080000.000/+493323.000-0065617.000/+4092841.000-0045513.000/+485542.000-0073430.000/+485000.000-0080000.000/+483142.713-0075945.276/+485319.858-0123712.725/+501457.476-0105718.182/+511612.997-0105838.163
24,SN_OSCAR,+511629.798-0145957.272/+511612.997-0105838.163/+501457.476-0105718.182/+485319.858-0123712.725/+490000.000-0150000.000/+511629.798-0145957.272
25,SN_WEST,+551343.959-0145957.080/+544403.089-0113652.210/+524703.653-0113610.251/+511612.997-0105838.163/+511629.798-0145957.272/+551343.959-0145957.080
26,SN_NORTH,+570000.000-0150000.000/+570000.000-0100000.000/+544110.246-0100000.000/+544403.089-0113652.210/+551343.959-0145957.080/+570000.000-0150000.000
27,SN_LOW_SOUTH,+533000.000-0140000.000/+532845.290-0072000.000/+530527.000-0072000.000/+523650.220-0063700.000/+522000.000-0053000.000/+510000.000-0080000.000/+510000.000-0140000.000/+533000.000-0140000.000
28,SN_LOW_NORTH,+543000.000-0140000.000/+543419.000-0095957.997/+544459.020-0090000.000/+552000.000-0081500.000/+552500.000-0072000.021/+552000.000-0065500.000/+542520.360-0081039.412/+540940.000-0064542.471/+534508.000-0072000.000/+532845.290-0072000.000/+533000.000-0140000.000/+543000.000-0140000.000
29,LW1,+493459.000-0080000.000/+493323.000-0065617.000
30,LW2,+505960.000-0080000.000/+493459.000-0080000.000
31,LW3,+505960.000-0080000.000/+512528.000-0071351.000
32,LW4,+514034.000-0060027.000/+512921.000-0041210.000
33,LW5,+512921.000-0041210.000/+511719.000-0034740.000/+493718.000-0040941.000
34,LW6,+492841.000-0045459.000/+493718.000-0040941.000
35,LW7,+493718.000-0040941.000/+495457.000-0023012.000
36,LW8,+512905.000-0034542.000/+511526.000-0020000.000
37,LW9,+512921.000-0041210.000/+512905.000-0034542.000
38,LW10,+520522.000-0035849.000/+512905.000-0034542.000
39,LW11,+520522.000-0035849.000/+515739.683-0031914.667/+515640.000-0024718.000/+520526.000-0023050.000/+521702.000-0021251.000
40,LW12,+525705.000-0053000.000/+520522.000-0035849.000
41,LW13,+531148.000-0052960.000/+525705.000-0053000.000
42,LW14,+525705.000-0053000.000/+522000.000-0053000.000/+520049.000-0060720.000
43,LW15,+493323.000-0065617.000/+492841.000-0045459.000
44,LW16,+485542.000-0073430.000/+492841.000-0045459.000
45,LW17,+485000.000-0080000.000/+485542.000-0073430.000
46,LW18,+525705.000-0053000.000/+521960.000-0053000.000
47,LWS1,+495457.000-0023012.000/+501745.000-0022725.000/+503712.000-0021731.000/+503947.000-0023109.000/+504459.000-0023107.000/+504947.000-0023317.000/+505543.000-0020000.000/+511526.000-0020000.000
48,LWS2,+511526.000-0020000.000/+511238.000-0013600.000/+511306.000-0013031.000
49,LWS3,+511526.000-0020000.000/+514126.000-0020000.000/+514751.000-0014136.000
50,LWN1,+531148.000-0053000.000/+531112.000-0050859.000
51,LWN2,+531112.000-0050859.000/+525542.000-0041447.000/+525433.000-0032659.000
52,LWN3,+525433.000-0032659.000/+525423.000-0031839.500
53,LWN4,+525423.000-0031839.500/+525333.000-0025015.000/+525046.000-0024529.000
54,LWC1,+525046.000-0024529.000/+524149.000-0023750.000
55,LWC2a,+524149.000-0023750.000/+523253.000-0023011.000/+521702.000-0021251.000
56,LWC2b,+521628.100-0021218.500/+521702.000-0021251.000
57,LWC3a,+521628.100-0021218.500/+520946.000-0020500.000
58,LWC3b,+520946.000-0020500.000/+520916.000-0020428.000
59,LWC4a,+520916.000-0020428.000/+515942.000-0015411.000
60,LWC4b,+515942.000-0015411.000/+515336.000-0014741.000
61,LWC4c,+515336.000-0014741.000/+514751.000-0014136.000
62,LWC4d,+514751.000-0014136.000/+514211.000-0013537.000/+514055.000-0013458.000
63,SB1,+493323.000-0065617.000/+485542.000-0073430.000
64,EIW1,+493459.000-0080000.000/+485000.000-0080000.000
65,BAN1,+512528.000-0071351.000/+514215.000-0064236.000
66,BAN2,+512528.000-0071351.000/+512400.000-0065305.000/+514034.000-0060027.000
67,BAN3,+520049.000-0060720.000/+514034.000-0060027.000
68,BAN4,+514215.000-0064236.000/+520049.000-0060720.000
69,BAN5,+514215.000-0064236.000/+514034.000-0060027.000
70,LN1,+523703.850+0025357.300/+522819.000+0024644.000
71,LN2,+531813.000+0024400.000/+532000.000+0023000.000/+524010.000+0023000.000/+523703.850+0025357.300
72,LN3,+523703.850+0025357.300/+531029.000+0032158.000
73,LN4,+540145.000+0000602.000/+533539.000+0002756.000/+533230.000+0005045.000/+532856.001+0005709.000/+525324.000+0004619.000/+530426.400-0004425.000
74,LN5,+540147.000-0013515.000/+530642.000-0004627.000
75,LN6,+534125.000-0032734.000/+533947.000-0025224.000/+533144.000-0021700.000/+531225.000-0015844.000
76,LN7,+534817.000-0053000.000/+531148.000-0053000.000
77,LNC1,+525046.000-0024529.000/+531029.000-0020557.000
78,LNC2,+531029.000-0020557.000/+531225.000-0015844.000
79,LNC3,+531225.000-0015844.000/+530031.000-0014737.000
80,LNC4a,+530031.000-0014737.000/+531017.000-0012043.000/+530828.000-0010317.000
81,LNC4b,+530828.000-0010317.000/+530642.000-0004627.000
82,LNC5,+530642.000-0004627.000/+530426.400-0004425.000
83,LNC6a,+530426.400-0004425.000/+522626.000-0001012.000
84,LNC6b,+522626.000-0001012.000/+522615.000+0001348.000
85,LNE1,+522615.000+0001348.000/+522530.652+0010440.255
86,LNE2,+522530.652+0010440.255/+522510.000+0012816.000/+523412.000+0015410.000/+522842.000+0023414.000/+522819.000+0024644.000
87,LC1,+531225.000-0015844.000/+530031.000-0014737.000
88,LC2,+530031.000-0014737.000/+520603.000-0005814.000
89,LC3,+520603.000-0005814.000/+520519.000-0005956.000
90,LC4,+520519.000-0005956.000/+521049.000-0010650.000/+521408.000-0011020.000
91,LC5a,+521408.000-0011020.000/+522618.000-0012315.000
92,LC5b,+522618.000-0012315.000/+520946.000-0020500.000
93,LC6,+515942.000-0015411.000/+521408.000-0011020.000
94,LC7a,+520519.000-0005956.000/+520000.000-0011226.000
95,LC7b,+520000.000-0011226.000/+515300.000-0012844.000
96,LC8,+515300.000-0012844.000/+515336.000-0014741.000
97,LC9,+515300.000-0012844.000/+514751.000-0014136.000
98,LC10,+515421.000-0010257.000/+520000.000-0011226.000
99,LC11a,+515619.000-0000748.000/+515433.000-0001425.000
100,LC11b,+521104.000+0000528.000/+520228.000+0001524.000
101,LC11c,+520228.000+0001524.000/+515619.000-0000748.000
102,LC12,+515433.000-0001425.000/+520448.000-0003814.000/+520939.000-0004942.000/+520603.000-0005814.000
103,LC13a,+515433.000-0001425.000/+514802.000-0003828.000/+515859.000-0005202.000
104,LC13b,+515859.000-0005202.000/+520603.000-0005814.000
105,LC14a,+530828.000-0010317.000/+530016.000-0010043.000/+524900.000-0004936.651
106,LC14b,+524900.000-0004936.651/+522630.000-0002732.000
107,LC15,+522630.000-0002732.000/+522632.000-0003702.000/+521104.000-0002159.000
108,LC16,+522630.000-0002732.000/+522626.000-0001012.000
109,LC17,+515619.000-0000748.000/+521104.000-0000210.000
110,LC18,+522618.000-0012315.000/+523259.000-0013025.000
111,LC19,+520519.000-0005956.000/+515859.000-0005202.000
112,LC20,+515859.000-0005202.000/+514255.900-0003354.000
113,LC21,+524900.000-0004936.651/+524616.000-0005631.000
114,LC22,+520603.000-0005814.000/+515859.000-0005202.000
115,LCE1,+522615.000+0001348.000/+521906.000-0000344.000/+521104.000+0000528.000
116,LCE2a,+521104.000-0000210.000/+521104.000+0000528.000
117,LCE2b,+521104.000-0002159.000/+521104.000-0000210.000
118,LCS1,+513943.000-0012646.000/+513423.000-0011138.000
119,LCS2,+513423.000-0011138.000/+514014.600-0004546.000
120,LCS3,+514014.600-0004546.000/+514255.900-0003354.000
121,LCSD1,+514255.900-0003354.000/+514804.000-0001114.000
122,LESD1,+514222.000+0000904.000/+512715.000+0003300.000
123,LE1,+514503.000+0005032.000/+514417.000+0003607.000
124,LE2,+521104.000+0000528.000/+521104.000+0002616.414
125,LED1,+512715.000+0003300.000/+512647.000+0005000.000
126,LED2a,+512647.000+0005000.000/+512658.000+0005532.000
127,LED2b,+512658.000+0005532.000/+512450.000+0013119.000
128,LED3,+512450.000+0013119.000/+512430.000+0013643.000
129,LED4,+512430.000+0013643.000/+512300.000+0020000.000
130,LED5a,+520228.000+0001524.000/+514417.000+0003607.000
131,LED5b,+514417.000+0003607.000/+512658.000+0005532.000
132,LEAA1,+522819.000+0024644.000/+522319.000+0024237.000/+521826.000+0023838.000/+520653.000+0022917.000/+515709.710+0022128.660
133,LEBU1,+513000.000+0020000.000/+512300.000+0020000.000
134,SAS1,+514244.830+0021001.170/+513000.000+0020000.000
135,SAS2,+513000.000+0020000.000/+512720.000+0023000.000
136,SAS3,+513812.590+0023000.000/+512720.000+0023000.000
137,IBNOS1,+514244.830+0021001.170/+515702.160+0022122.620
138,IBNOS2,+515702.160+0022122.620/+515709.710+0022128.660
139,IBNOS3,+515709.710+0022128.660/+515827.020+0024000.870
140,IBNOS4,+515827.020+0024000.870/+520027.050+0031018.610/+515756.440+0031018.610
141,IBNOS5,+515702.160+0022122.620/+515756.440+0031018.610
142,IBNOS6a,+515756.440+0031018.610/+512850.170+0031018.610
143,IBNOS6b,+512850.170+0031018.610/+513554.520+0024000.870
144,IBNOS7,+515827.020+0024000.870/+513554.520+0024000.870
145,IBNOS8,+513554.520+0024000.870/+513812.590+0023000.000
146,IBNOS9,+513812.590+0023000.000/+514244.830+0021001.170
147,LCM1,+521628.100-0021218.500/+523259.000-0013025.000
148,LCM2a,+523259.000-0013025.000/+523521.897-0012427.752
149,LCM2b,+523521.897-0012427.752/+524616.000-0005631.000
150,LCM2b,
151,LCM3,+524006.000-0013249.000/+523259.000-0013025.000
152,LCM4,+524006.000-0013249.000/+524806.000-0005821.000
153,LCM5,+524938.000-0013020.000/+524006.000-0013249.000
154,LCM6,+524938.000-0013020.000/+525017.000-0010038.000
155,LCM7,+524806.000-0005821.000/+524616.000-0005631.000
156,LCM8,+525017.000-0010038.000/+524806.000-0005821.000
157,LCM9,+531017.000-0012043.000/+525017.000-0010038.000
158,LCM10,+524149.000-0023750.000/+530031.000-0014737.000
159,LCM11,+530031.000-0014737.000/+531017.000-0012043.000
160,LSD1,+514014.600-0004546.000/+512904.000-0002753.000
161,LSD2,+515421.000-0010257.000/+515111.000-0005745.000/+514014.600-0004546.000
162,LSFF,+500000.000-0001500.000/+502405.000+0004611.000
163,LSRR,+495457.000-0023012.000/+500000.000-0020000.000/+500000.000-0001500.000
164,LDBU1,+512300.000+0020000.000/+510700.000+0020000.000
165,LDBU2,+510700.000+0020000.000/+510445.000+0014929.000
166,LDBU3,+510445.000+0014929.000/+505958.717+0020154.478
167,LDFF1,+510700.000+0020000.000/+510000.000+0012800.000
168,LDFF2,+510000.000+0012800.000/+505419.000+0012754.000
169,LDM1,+502517.000+0004917.000/+504000.000+0012800.000
170,LDM2,+505419.000+0012754.000/+504000.000+0012800.000
171,LDM3,+505419.000+0012754.000/+504244.000+0014405.000/+503606.000+0013218.000
172,LDM4,+504000.000+0012800.000/+503606.000+0013218.000
173,LDM5,+503606.000+0013218.000/+501346.000+0015706.000/+501017.000+0015131.000
174,LDM6,+503606.000+0013218.000/+501017.000+0015131.000
175,LDM7,+500331.000+0013906.000/+501017.000+0015131.000
176,LDM8,+495656.000+0012709.000/+500331.000+0013906.000
177,LDM9a,+495519.000+0012412.000/+495656.000+0012709.000
178,LDM9b,+495841.000+0011944.000/+495519.000+0012412.000
179,LDM10,+502405.000+0004611.000/+495841.000+0011944.000
180,LDM11,+502517.000+0004917.000/+501629.000+0010108.000
181,LDM12,+501629.000+0010108.000/+500331.000+0013906.000
182,LDM13,+501629.000+0010108.000/+495951.000+0012317.000
183,LDM14,+495951.000+0012317.000/+495656.000+0012709.000
184,LDM15,+495841.000+0011944.000/+495951.000+0012317.000
185,LDM16,+502405.000+0004611.000/+502517.000+0004917.000
186,LTC1a,+513943.000-0012646.000/+514319.000-0012837.000/+515421.000-0010257.000
187,LTC1b,+515421.000-0010257.000/+515859.000-0005202.000
188,LTC1c,+515859.000-0005202.000/+521104.000-0002159.000
189,LTC2,+521104.000-0002159.000/+515619.000-0000748.000
190,LTC3a,+521104.000-0002159.000/+521104.000+0002616.414
191,LTC3b,+521104.000+0002616.414/+521104.000+0003242.000/+521221.000+0004819.000
192,LTC4,+514222.000+0000904.000/+514503.000+0005032.000
193,LTC5a,+515619.000-0000748.000/+515022.063-0000206.831
194,LTC5b,+514222.000+0000904.000/+514801.000+0000008.000/+515022.063-0000206.831
195,LTC6a,+515619.000-0000748.000/+514804.000-0001114.000
196,LTC6b,+514804.000-0001114.000/+512904.000-0002753.000
197,LTC7,+514222.000+0000904.000/+512752.000+0001009.000
198,LTC8,+514503.000+0005032.000/+514431.000+0005038.000/+513618.000+0005532.000/+513417.000+0005000.000/+512647.000+0005000.000
199,LTC9,+512752.000+0001009.000/+512715.000+0003300.000
200,LTC10,+503330.000+0003416.000/+502405.000+0004611.000
201,LTC11,+503330.000+0003416.000/+504219.000+0005741.000/+505656.000+0010156.000/+505530.000+0010512.000/+504000.000+0012800.000
202,LTC12,+512450.000+0013119.000/+510000.000+0012800.000
203,LTC13,+510853.000-0001125.000/+505433.000+0000716.000/+503330.000+0003416.000
204,LTC14,+504928.000-0011714.000/+503700.000-0012620.000/+503700.000-0003938.000/+502957.000-0003209.000/+502613.000+0001507.000/+503330.000+0003416.000
205,LTC15,+511817.000-0002647.000/+510853.000-0001125.000
206,LTC16,+511817.000-0002647.000/+511916.000+0000136.500/+512752.000+0001009.000
207,LTC17,+512904.000-0002753.000/+512752.000+0001009.000
208,LTC18,+512904.000-0002753.000/+511817.000-0002647.000
209,LTC19a,+511117.000-0010636.000/+511735.000-0010335.000/+513037.000-0003830.000
210,LTC19b,+504928.000-0011714.000/+505538.000-0011313.000/+511117.000-0010636.000
211,LTC20,+505511.700-0013048.700/+504944.390-0013435.400/+504928.000-0011714.000
212,LTC21a,+513943.000-0012646.000/+513601.000-0012453.000/+513532.000-0012102.000/+511617.000-0012057.000/+511350.000-0012159.000
213,LTC21b,+511350.000-0012159.000/+505858.000-0012810.000/+505511.700-0013048.700
214,LTC22a,+505511.700-0013048.700/+505334.000-0014051.000/+510038.000-0013541.000/+511306.000-0013031.000
215,LTC22b,+511306.000-0013031.000/+511837.792-0012813.800/+512624.000-0012933.000/+514055.000-0013458.000
216,LTC22c,+514055.000-0013458.000/+513943.000-0012646.000
217,LTC23a,+513943.000-0012646.000/+513423.000-0011138.000
218,LTC23b,+513423.000-0011138.000/+513037.000-0003830.000
219,LTC24,+513037.000-0003830.000/+512904.000-0002753.000
220,LTC26,+504928.000-0011714.000/+504925.500-0011538.000
221,LTC27,+511306.000-0013031.000/+511350.000-0012159.000
222,LTC28,+510853.000-0001125.000/+511751.000+0001010.000/+512715.000+0003300.000
223,LTC29,+514255.900-0003354.000/+512904.000-0002753.000
224,LTC30,+511350.000-0012159.000/+511117.000-0010636.000
225,LTC31,+511117.000-0010636.000/+504626.000-0004942.000
226,LTC32,+504626.000-0004942.000/+510853.000-0001125.000
227,LTC33a,+520713.000+0005149.000/+514827.000+0013643.000
228,LTC33b,+514827.000+0013643.000/+512430.000+0013643.000
229,LTC34a,+521104.000+0000528.000/+521104.000+0003242.000/+521221.000+0004819.000
230,LTC34b,+521221.000+0004819.000/+520713.000+0005149.000
231,LTC35,+515702.160+0022122.620/+515619.000+0015102.000/+514827.000+0013643.000
232,LTC36,+514503.000+0005032.000/+514827.000+0013643.000
233,LTC37,+521221.000+0004819.000/+522530.652+0010440.255
234,LTC38,+521104.000+0002616.414/+520110.326+0002616.414
235,LTC39,+520110.326+0002616.414/+515236.045+0002616.414
236,LTC40,+520110.326+0002616.414/+515126.934+0001137.844
237,LTC41,+515236.045+0002616.414/+515421.764+0004840.332/+514503.000+0005032.000
238,LTC42,+515126.934+0001137.844/+515236.045+0002616.414
239,LTC43,+515022.063-0000206.831/+515126.934+0001137.844
240,LTC44,+514804.000-0001114.000/+515022.063-0000206.831
241,London AC West L18 BADSI-LIPGO,+525700.000-0053000.000/+523550.000-0045151.000/+524310.000-0044042.000/+531035.000-0053000.000/+525700.000-0053000.000
242,ME1,+532125.000-0021544.000/+524817.000-0014623.000/+524448.000-0014310.000/+523259.000-0013025.000
243,ME2,+531017.000-0012043.000/+530642.000-0004627.000
244,ME3,+541500.000-0021000.000/+541519.000-0020855.000
245,MWDW1,+534813.000-0050951.000/+534735.000-0044937.000
246,MWDW2,+534735.000-0044937.000/+532240.000-0045146.000
247,MWDW3,+532240.000-0045146.000/+531041.000-0045249.000/+531112.000-0050859.000
248,MWDW4,+531148.000-0052960.000/+532353.000-0053000.000
249,MWDW5,+532353.000-0053000.000/+534847.000-0053000.000
250,MWDW6,+532353.000-0053000.000/+532240.000-0045146.000
251,MW1,+534735.000-0044937.000/+534658.500-0043025.000
252,MW2,+534658.500-0043025.000/+535419.000-0042150.000/+535420.000-0040737.000
253,MW3,+535420.000-0040737.000/+534149.000-0033649.000/+534125.000-0032734.000
254,MW4,+532240.000-0045146.000/+531957.000-0033953.000/+531225.000-0032535.000
255,MW5,+531225.000-0032535.000/+530812.000-0031736.000/+525423.000-0031839.500
256,MW6,+534125.000-0032734.000/+532318.000-0032449.000/+531225.000-0032535.000
257,MW7,+534125.000-0032734.000/+533910.000-0023952.000
258,MW8,+531225.000-0032535.000/+525433.000-0032659.000
259,MWSR1,+534658.500-0043025.000/+535419.000-0042150.000/+535420.000-0040737.000
260,MWSA1,+534813.000-0050951.000/+543010.000-0033535.000
261,MWSA2,+534847.000-0053000.000/+534813.000-0050951.000
262,MWE1,+525046.000-0024529.000/+530006.000-0024504.000/+532125.000-0021544.000
263,MWE2,+532125.000-0021544.000/+532356.000-0015955.000/+532124.000-0013205.000
264,MWE3,+541500.000-0021000.000/+532804.000-0013856.000/+532124.000-0013205.000
265,MWE4,+541500.000-0030459.023/+533917.000-0023900.000/+533910.000-0023952.000
266,MWE5,+533910.000-0023952.000/+532125.000-0021544.000
267,MWE6,+532124.000-0013205.000/+531017.000-0012043.000
268,Heb_BIRD,+610000.000-0070000.000/+610000.000-0053000.000
269,Heb_BIRD Del Inner,+603000.000-0100000.000/+610000.000-0070000.000
270,Heb_BIRD Del EGGX,+603000.000-0100000.000/+610000.000-0100000.000
271,Heb_BIRD Del Outer,+610000.000-0100000.000/+610000.000-0070000.000
272,Mor_BIRD,+610000.000-0053000.000/+610000.000-0000000.000
273,Mor_ENSV_N,+610000.000+0000000.000/+595931.000+0000054.000/+593818.000+0004009.000/+590209.000+0014420.000/+584736.000+0020918.000/+583100.000+0023600.000
274,Mor_ENSV,+583100.000+0023600.000/+582324.000+0024944.000/+575427.000+0033630.000/+573412.000+0040813.000/+572016.312+0042923.315
275,Mor_ENSV-EKDK Delegated,+572016.312+0042923.315/+570000.000+0050000.000
276,Mor_EKDK DB-660,+572016.312+0042923.315/+563604.000+0033632.000
277,Mor_EKDK DB-195 Border,+570000.000+0050000.000/+562502.000+0050000.000
278,Mor_Tyne DK Del,+563604.000+0033632.000/+562502.000+0050000.000
279,Mor_Mon,+572337.177-0041406.008/+570952.000-0015347.000
280,Mor_Tyne,+570952.000-0015347.000/+563604.000+0033632.000
281,Mor_Tay,+572131.000-0035213.000/+571145.000-0021815.000/+570952.000-0015347.000
282,Heb_EGGX,+603000.000-0100000.000/+592000.000-0100000.000
283,Heb_Mor 1,+610000.000-0053000.000/+591638.000-0043000.000/+580140.821-0041658.594
284,Heb_Mor Low,+580140.821-0041658.594/+575446.000-0043204.000/+574512.000-0042348.121/+573147.000-0041203.000
285,Mor Low Tri,+580140.821-0041658.594/+573147.000-0041203.000
286,Heb_Mor 2,+573147.000-0041203.000/+572337.177-0041406.008
287,Tyne_Hum,+550516.000-0010020.000/+552306.000+0002228.000/+552545.686+0034548.541
288,Tyne_EKDK DB-660,+563604.000+0033632.000/+563035.000+0033000.000/+555116.000+0033000.000/+552545.686+0034548.541
289,Tyne_EKDK DB-195 Border,+562502.000+0050000.000/+553000.000+0050000.000
290,Tyne_Hum DK Del,+553000.000+0050000.000/+552545.686+0034548.541
291,Tyne_Montrose,+570952.000-0015347.000/+550516.000-0010020.000
292,Hum_EKDK DB-660,+552545.686+0034548.541/+550251.000+0040001.000/+543843.000+0042000.000/+543000.000+0043209.000
293,Hum_EKDK DB-195 Border,+553000.000+0050000.000/+550000.000+0050000.000
294,Hum_EHAA DB-195 Border,+550000.000+0050000.000/+543000.000+0043209.000
295,Humber_EHAA_EDYY-J,+543000.000+0043209.000/+540620.000+0041048.000
296,Humber_EHAA_EDYY-D,+540620.000+0041048.000/+533411.000+0034222.000/+531029.000+0032158.000
297,Hum_Mon,+550516.000-0010020.000/+540141.000+0002719.000
298,SELN1,+540147.000-0013515.000/+540145.500-0001712.100
299,SELN2,+540145.500-0001712.100/+540145.000+0000602.000
300,SELN3,+540145.000+0000602.000/+540141.000+0002719.000
301,SELN4,+540141.000+0002719.000/+532302.000+0024006.000/+531813.000+0024400.000
302,SELN5,+531029.000+0032158.000/+531440.000+0031102.000/+531813.000+0024400.000
303,DCS-N_DCS-S Split,+550000.000-0020729.000/+550000.000-0032811.000/+553121.000-0035809.000/+554700.000-0053041.000
304,DCS-S_RatW,+554660.000-0053041.000/+553419.000-0054133.000/+550948.000-0050441.000
305,DCS-S_RatE,+550948.000-0050441.000/+550540.000-0045834.000/+542024.000-0033358.000
306,DCS-S 255-285,+542024.000-0033358.000/+543000.000-0033533.000/+543007.000-0025245.000/+541500.000-0023948.000
307,Cen_RatW,+563506.000-0100000.000/+555607.000-0052248.000
308,Cen_Heb,+592000.000-0100000.000/+592000.000-0100000.000/+585314.000-0081558.000/+580137.000-0062919.000/+571504.000-0053633.000
309,Cen_Mon,+571504.000-0053633.000/+561600.000-0050520.000
310,Cen_DCS-N,+561560.000-0050520.000/+555607.000-0052248.000
311,RatW_DCS-N,+555607.000-0052248.000/+554660.000-0053041.000/+554700.000-0053041.000
312,Cen_EGGX,+592000.000-0100000.000/+570000.000-0100008.000
313,Cen_EISN,+570000.000-0100008.000/+563506.000-0100000.000
314,RatW_EISN 1,+563506.000-0100000.000/+544311.750-0100000.000
315,RatW_EISN MOLAK,+543858.000-0093319.000/+544311.750-0100000.000
316,RatW_EISN 2,+544311.750-0100000.000/+543400.000-0100000.000/+543858.000-0093319.000
317,RatW_EISN Del,+543858.000-0093319.000/+543858.000-0093320.000/+544459.000-0090000.000/+552000.000-0081500.000/+552459.000-0072000.000/+552000.000-0065500.000/+542500.000-0081000.000
318,RatW_EISN Del FIR,+543858.000-0093319.000/+542500.000-0081000.000
319,RatW_EISN 3,+540316.000-0061212.000/+542500.000-0081000.000
320,RatW_RatE,+550948.000-0050441.000/+545548.000-0051649.810/+543858.000-0054223.400/+540316.000-0061212.000
321,Rat-E_EISN 1,+540316.000-0061212.000/+535500.000-0053000.000
322,Rat-E_EISN 2,+535500.000-0053000.000/+534817.000-0053000.000
323,SWLN1,+534817.000-0053000.000/+534617.000-0043112.000/+535419.000-0042151.000/+535358.000-0040608.000/+534149.000-0033649.000/+534125.000-0032734.000
324,SWLN2,+541500.000-0033305.000/+534125.000-0032734.000
325,SWLN3,+542024.000-0033358.000/+541500.000-0033305.000
326,SWLN4,+542024.000-0033358.000/+543000.000-0033533.000/+543007.000-0025245.000/+541459.000-0023948.000
327,SWLN5,+541459.000-0023948.000/+540043.000-0022743.000/+540147.000-0013515.000
328,SWLN6,+541500.000-0033305.000/+541459.000-0023948.000
329,DCS-S 285-660 Inner 1,+541459.000-0023948.000/+541500.000-0021000.000/+541519.000-0020855.000
330,DCS-S 285-660 Inner 2,+541519.000-0020855.000/+543405.304-0020303.861
331,DCS-S_Mon Tri B,+543405.304-0020303.861/+543322.908-0015630.643
332,DCS-S_TILNI Corridor Tri,+544248.193-0020023.665/+543405.304-0020303.861
333,DCS-S 285_Mon Area B,+543322.908-0015630.643/+541500.000-0014856.000
334,DCS-S 285_Mon Area C,+543322.908-0015630.643/+544248.193-0020023.665
335,DCS-S_Mon,+544248.193-0020023.665/+545749.163-0020621.435
336,DCS-S 285_Mon,+541500.000-0014856.000/+540147.000-0013515.000
337,Mon_Heb,+572337.177-0041406.008/+571440.000-0042816.000/+571504.000-0053633.000
338,Mon_WCoast 1,+561600.000-0050520.000/+561600.647-0040855.971
339,Mon_WCoast 2,+561600.647-0040855.971/+561400.000-0040926.000
340,Mon_DCS-N Area E1 Inner,+561600.647-0040855.971/+561554.200-0032925.790/+560701.203-0031326.815
341,Mon_Gal,+560701.203-0031326.815/+560700.000-0025607.000/+560008.000-0024849.000/+555335.022-0024931.040
342,Mon_DCS-N Area E2a Inner,+555335.022-0024931.040/+552109.000-0022141.400
343,Mon_DCS-N Area E2b Inner,+552109.000-0022141.400/+551113.000-0021301.000/+550000.000-0020729.000
344,Mon_DCS-S Area E2 Inner,+550000.000-0020729.000/+545749.163-0020621.435
345,Mon_S29,+541152.802-0014543.000/+540147.000-0013515.000
346,Mon_S29 Del,+541500.000-0014856.000/+541152.802-0014543.000
347,Mon_Tay B-C,+543322.908-0015630.643/+543132.265-0013923.237
348,Mon Area A Inner,+540145.500-0001712.100/+542559.482-0004455.445/+541557.219-0011659.938/+543132.265-0013923.237
349,Mon Area B Inner,+541152.802-0014543.000/+543132.265-0013923.237
350,Mon Area C Inner,+543132.265-0013923.237/+544711.211-0013420.918
351,Mon Area D Inner,+550000.000-0015458.173/+550000.000-0013013.385/+544711.211-0013420.918
352,Mon EDC,+550000.000-0020729.000/+545749.163-0020621.435/+544248.193-0020023.665/+545638.296-0015601.963/+550000.000-0015458.173
353,Mon_Tay C-D,+545638.296-0015601.963/+544711.211-0013420.918
354,Mon Area D Outer,+550000.000-0015458.173/+545638.296-0015601.963
355,Mon Area C Outer,+544248.193-0020023.665/+545638.296-0015601.963
356,Gal_Tal,+555335.022-0024931.040/+554859.000-0040117.000/+554240.000-0040911.000/+545116.000-0031959.000/+541500.000-0023329.400
357,Tal_Nor,+541500.000-0021000.000/+541500.000-0023329.400
358,Gal_Ant,+551214.000-0050234.000/+550959.022-0044500.736/+550603.000-0041419.000/+543241.000-0033000.000/+543010.000-0033535.000
359,Gal_Nor,+541500.000-0030459.023/+541500.000-0023329.400
360,Gal_IoM1,+543010.000-0033535.000/+541500.000-0033305.000
361,Gal_IoM2,+541500.000-0033305.000/+541500.000-0030459.023
362,TalSouth,+545424.000-0022410.000/+541500.000-0021000.000
363,Tal_TayE2b,+552109.000-0022141.400/+551229.160-0023018.000
364,Tal_TayE2c,+551229.160-0023018.000/+545424.000-0022410.000
365,Tal_TayDelegated,+552109.000-0022141.400/+551138.263-0015234.681/+550259.577-0020118.376/+551229.160-0023018.000
366,TayE2b,+545424.000-0022410.000/+545749.163-0020621.435
367,Tal_TayE2a,+552109.000-0022141.400/+552606.820-0023655.790/+553805.000-0025111.000/+555335.022-0024931.040
368,Gal_TayE1,+561400.000-0040926.000/+560700.000-0040910.000/+560222.000-0040518.000/+560659.000-0032938.000/+560701.203-0031326.815
369,Gal_Tay,+560701.203-0031326.815/+560700.000-0025608.000/+560008.000-0024849.000/+555335.022-0024931.040
370,WCoast-Mon_Gal,+561400.000-0040926.000/+561234.976-0041255.926/+560122.000-0044033.000
371,WCoast-Cen_Gal,+560122.000-0044033.000/+555959.000-0044400.000/+555000.000-0050000.000
372,WCoast-RatW_Gal,+555000.000-0050000.000/+551511.000-0050000.000/+551214.000-0050234.000
373,WCoast-Mon_WCoast-Cen,+561560.000-0050520.000/+560122.000-0044033.000
374,WCoast-Cen_WCoast-RatW,+555607.000-0052248.000/+555000.000-0050000.000
375,WCoast-RatW_Ant,+551214.000-0050234.000/+550948.000-0050441.000
376,WCoast-Rat_Ant,+550948.000-0050441.000/+550749.000-0050623.000
377,Ant_WCoast-Rat,+550749.000-0050623.000/+545715.000-0051530.000/+545417.000-0052959.000/+545030.000-0062441.000/+544948.686-0062629.498/+544904.685-0062800.221/+544816.895-0062923.982/+544725.664-0063040.141/+544629.597-0063148.122/+544530.913-0063247.412/+544429.465-0063337.567/+544325.724-0063418.215/+544220.178-0063449.572/+544113.327-0063509.870/+544005.681-0063520.511/+543857.757-0063520.911/+543750.718-0063511.829/+543643.138-0063451.113/+543537.465-0063421.170/+543433.551-0063341.491/+543331.879-0063252.390/+543232.915-0063154.251/+543137.106-0063047.521/+543044.870-0062932.715/+542956.603-0062810.404/+542912.667-0062641.215/+542833.393-0062505.824/+542759.768-0062324.951/+542755.000-0062310.000/+540522.360-0062438.680
378,Ant_EIDW,+540522.360-0062438.680/+535500.000-0053000.000/+534847.000-0053000.000
379,North Sea CTA 2 (GODOS),+534148.000+0030000.000/+533411.000+0034222.000/+531029.000+0032158.000/+531441.000+0031102.000/+531608.000+0030000.000/+534148.000+0030000.000
380,North Sea CTA 2 (GODOS),
